{"type": "metrics", "dataset": "train", "precision": 0.8060993975903614, "balanced_accuracy": 0.7106932103764738, "recall": 0.45312169312169315, "f1_score": 0.5801381926568215}
{"type": "metrics", "dataset": "test", "precision": 0.671146953405018, "balanced_accuracy": 0.6705410552135881, "recall": 0.39296956977964326, "f1_score": 0.4956982131039047}
{"type": "cm_matrix", "dataset": "train", "true_0": {"predicted_0": 15713, "predicted_1": 515}, "true_1": {"predicted_0": 2584, "predicted_1": 2141}}
{"type": "cm_matrix", "dataset": "test", "true_0": {"predicted_0": 6706, "predicted_1": 367}, "true_1": {"predicted_0": 1157, "predicted_1": 749}}
